{
"lengthUnit": "mil",
"remark": [],
"components": {
	"fields": ["COMPONENT_NO", "COMPONENT_NAME", "LAYER", "X_COORDINATE", "Y_COORDINATE", "ANGLE"],
	"rows": [
		[1, "C1", "T", 925, -700, 90],
		[2, "C2", "T", 835, -690, 90],
		[3, "C3", "T", 935, -1910, 90],
		[4, "C4", "T", 835, -1900, 90],
		[5, "C5", "T", 930, -2225, 90],
		[6, "C6", "T", 835, -2215, 90],
		[7, "C7", "T", 840, -1005, 180],
		[8, "C8", "T", 485, -920, 0],
		[9, "C9", "T", 815, -905, 0],
		[10, "C10", "T", 825, -1100, 90],
		[11, "C11", "T", 1002.56, -1397.44, 0],
		[12, "C12", "T", 1005, -1325, 180],
		[13, "C13", "T", 1115, -910, 180],
		[14, "C14", "T", 980, -910, 180],
		[15, "C15", "T", 1325, -1870, 180],
		[16, "C16", "T", 1290, -1770, 180],
		[17, "H1", "T", 380, -1385, 90],
		[18, "L1", "T", 1045, -660, 0],
		[19, "OLED1", "T", 460, -300, 0],
		[20, "P1", "T", 670, -715, 0],
		[21, "P2", "T", 675, -1920, 0],
		[22, "P3", "T", 435, -715, 0],
		[23, "P4", "T", 675, -2235, 0],
		[24, "P5", "T", 680, -1650, 180],
		[25, "R1", "T", 510, -1040, 0],
		[26, "R2", "T", 510, -1105, 0],
		[27, "R3", "T", 1005, -1255, 180],
		[28, "R4", "T", 540, -1420, 270],
		[29, "R5", "T", 1005, -1725, 0],
		[30, "R6", "T", 1135, -1625, 0],
		[31, "R7", "T", 995, -1625, 0],
		[32, "R8", "T", 1005, -1510, 180],
		[33, "R9", "T", 1055, -1170, 0],
		[34, "U1", "T", 678.7175, -1027.034, 0],
		[35, "U2", "T", 740, -1360, 90],
		[36, "U3", "T", 1010, -1055, 270],
		[37, "U4", "T", 1295, -1480, 90],
		[38, "PAD1", "T", 925, -660.63, 0],
		[39, "PAD2", "T", 925, -739.37, 0],
		[40, "PAD3", "T", 835, -662.44, 0],
		[41, "PAD4", "T", 835, -717.56, 0],
		[42, "PAD5", "T", 935, -1870.63, 0],
		[43, "PAD6", "T", 935, -1949.37, 0],
		[44, "PAD7", "T", 835, -1872.44, 0],
		[45, "PAD8", "T", 835, -1927.56, 0],
		[46, "PAD9", "T", 930, -2185.63, 0],
		[47, "PAD10", "T", 930, -2264.37, 0],
		[48, "PAD11", "T", 835, -2187.44, 0],
		[49, "PAD12", "T", 835, -2242.56, 0],
		[50, "PAD13", "T", 812.44, -1005, 0],
		[51, "PAD14", "T", 867.56, -1005, 0],
		[52, "PAD15", "T", 524.37, -920, 0],
		[53, "PAD16", "T", 445.63, -920, 0],
		[54, "PAD17", "T", 842.56, -905, 0],
		[55, "PAD18", "T", 787.44, -905, 0],
		[56, "PAD19", "T", 825, -1072.44, 0],
		[57, "PAD20", "T", 825, -1127.56, 0],
		[58, "PAD21", "T", 1030.12, -1397.44, 0],
		[59, "PAD22", "T", 975, -1397.44, 0],
		[60, "PAD23", "T", 977.44, -1325, 0],
		[61, "PAD24", "T", 1032.56, -1325, 0],
		[62, "PAD25", "T", 1087.44, -910, 0],
		[63, "PAD26", "T", 1142.56, -910, 0],
		[64, "PAD27", "T", 952.44, -910, 0],
		[65, "PAD28", "T", 1007.56, -910, 0],
		[66, "PAD29", "T", 1262.3, -1870, 0],
		[67, "PAD30", "T", 1387.7, -1870, 0],
		[68, "PAD31", "T", 1262.44, -1770, 0],
		[69, "PAD32", "T", 1317.56, -1770, 0],
		[70, "PAD33", "T", 380, -1585, 0],
		[71, "PAD33", "B", 380, -1585, 0],
		[72, "PAD34", "T", 380, -1485, 0],
		[73, "PAD34", "B", 380, -1485, 0],
		[74, "PAD35", "T", 380, -1385, 0],
		[75, "PAD35", "B", 380, -1385, 0],
		[76, "PAD36", "T", 380, -1285, 0],
		[77, "PAD36", "B", 380, -1285, 0],
		[78, "PAD37", "T", 380, -1185, 0],
		[79, "PAD37", "B", 380, -1185, 0],
		[80, "PAD38", "T", 1017.445, -660, 0],
		[81, "PAD39", "T", 1072.555, -660, 0],
		[82, "PAD40", "T", 460, -450, 0],
		[83, "PAD40", "B", 460, -450, 0],
		[84, "PAD41", "T", 460, -350, 0],
		[85, "PAD41", "B", 460, -350, 0],
		[86, "PAD42", "T", 460, -250, 0],
		[87, "PAD42", "B", 460, -250, 0],
		[88, "PAD43", "T", 460, -150, 0],
		[89, "PAD43", "B", 460, -150, 0],
		[90, "PAD44", "T", 720, -765, 0],
		[91, "PAD44", "B", 720, -765, 0],
		[92, "PAD45", "T", 720, -665, 0],
		[93, "PAD45", "B", 720, -665, 0],
		[94, "PAD46", "T", 725, -1970, 0],
		[95, "PAD46", "B", 725, -1970, 0],
		[96, "PAD47", "T", 725, -1870, 0],
		[97, "PAD47", "B", 725, -1870, 0],
		[98, "PAD48", "T", 385, -765, 0],
		[99, "PAD48", "B", 385, -765, 0],
		[100, "PAD49", "T", 385, -665, 0],
		[101, "PAD49", "B", 385, -665, 0],
		[102, "PAD50", "T", 485, -765, 0],
		[103, "PAD50", "B", 485, -765, 0],
		[104, "PAD51", "T", 485, -665, 0],
		[105, "PAD51", "B", 485, -665, 0],
		[106, "PAD52", "T", 725, -2285, 0],
		[107, "PAD52", "B", 725, -2285, 0],
		[108, "PAD53", "T", 725, -2185, 0],
		[109, "PAD53", "B", 725, -2185, 0],
		[110, "PAD54", "T", 539.66, -1040, 0],
		[111, "PAD55", "T", 480.34, -1040, 0],
		[112, "PAD56", "T", 539.66, -1105, 0],
		[113, "PAD57", "T", 480.34, -1105, 0],
		[114, "PAD58", "T", 975.34, -1255, 0],
		[115, "PAD59", "T", 1034.66, -1255, 0],
		[116, "PAD60", "T", 540, -1449.66, 0],
		[117, "PAD61", "T", 540, -1390.34, 0],
		[118, "PAD62", "T", 1044.37, -1725, 0],
		[119, "PAD63", "T", 965.63, -1725, 0],
		[120, "PAD64", "T", 1174.37, -1625, 0],
		[121, "PAD65", "T", 1095.63, -1625, 0],
		[122, "PAD66", "T", 1024.66, -1625, 0],
		[123, "PAD67", "T", 965.34, -1625, 0],
		[124, "PAD68", "T", 965.63, -1510, 0],
		[125, "PAD69", "T", 1044.37, -1510, 0],
		[126, "PAD70", "T", 1084.66, -1170, 0],
		[127, "PAD71", "T", 1025.34, -1170, 0],
		[128, "PAD72", "T", 757.4575, -1056.564, 0],
		[129, "PAD73", "T", 757.4575, -1036.874, 0],
		[130, "PAD74", "T", 757.4575, -1017.194, 0],
		[131, "PAD75", "T", 757.4575, -997.504, 0],
		[132, "PAD76", "T", 727.9275, -948.294, 0],
		[133, "PAD77", "T", 629.8175, -948.294, 0],
		[134, "PAD78", "T", 599.9775, -997.504, 0],
		[135, "PAD79", "T", 599.9775, -1056.564, 0],
		[136, "PAD80", "T", 599.9775, -1076.244, 0],
		[137, "PAD81", "T", 679.2075, -1027.034, 0],
		[138, "PAD82", "T", 853.03, -1475.16, 0],
		[139, "PAD83", "T", 853.03, -1398.39, 0],
		[140, "PAD84", "T", 853.03, -1372.79, 0],
		[141, "PAD85", "T", 853.03, -1347.2, 0],
		[142, "PAD86", "T", 853.03, -1296.02, 0],
		[143, "PAD87", "T", 853.03, -1270.43, 0],
		[144, "PAD88", "T", 626.97, -1475.16, 0],
		[145, "PAD89", "T", 626.97, -1449.57, 0],
		[146, "PAD90", "T", 626.97, -1423.98, 0],
		[147, "PAD91", "T", 626.97, -1321.61, 0],
		[148, "PAD92", "T", 626.97, -1296.02, 0],
		[149, "PAD93", "T", 626.97, -1270.43, 0],
		[150, "PAD94", "T", 626.97, -1244.84, 0],
		[151, "PAD95", "T", 971.61, -1104.55, 0],
		[152, "PAD96", "T", 997.21, -1104.55, 0],
		[153, "PAD97", "T", 1022.8, -1104.55, 0],
		[154, "PAD98", "T", 1048.39, -1104.55, 0],
		[155, "PAD99", "T", 1048.39, -1005.45, 0],
		[156, "PAD100", "T", 1022.8, -1005.45, 0],
		[157, "PAD101", "T", 997.21, -1005.45, 0],
		[158, "PAD102", "T", 971.61, -1005.45, 0],
		[159, "PAD103", "T", 1295, -1330, 0],
		[160, "PAD103", "B", 1295, -1330, 0],
		[161, "PAD104", "T", 1295, -1430, 0],
		[162, "PAD104", "B", 1295, -1430, 0],
		[163, "PAD105", "T", 1295, -1530, 0],
		[164, "PAD105", "B", 1295, -1530, 0],
		[165, "PAD106", "T", 1295, -1630, 0],
		[166, "PAD106", "B", 1295, -1630, 0],
		[167, "PAD107", "T", 730, -1600, 0],
		[168, "PAD107", "B", 730, -1600, 0],
		[169, "PAD108", "T", 730, -1700, 0],
		[170, "PAD108", "B", 730, -1700, 0],
		[171, "PAD109", "T", 630, -1600, 0],
		[172, "PAD109", "B", 630, -1600, 0],
		[173, "PAD110", "T", 630, -1700, 0],
		[174, "PAD110", "B", 630, -1700, 0]
	]
},
"pins": {
	"fields": ["PIN_NO", "PIN_NAME", "PIN_X", "PIN_Y", "LAYER", "PIN_TYPE", "NET_NAME", "NET_TYPE", "PAD_SHAPE", "PAD_SIZEX", "PAD_SIZEY", "HOLE_SIZE", "HOLE_LEN", "PAD_ANGLE"],
	"rows": [
		[1, "C1_1", 925, -739.37, "T", "SMD", "GND", "GND", "R", 55.512, 53.15, 0, 0, 90],
		[2, "C1_2", 925, -660.63, "T", "SMD", "$1N663", "", "R", 55.512, 53.15, 0, 0, 90],
		[3, "C2_1", 835, -717.56, "T", "SMD", "GND", "GND", "R", 31.496, 35.433, 0, 0, 90],
		[4, "C2_2", 835, -662.44, "T", "SMD", "$1N663", "", "R", 31.496, 35.433, 0, 0, 90],
		[5, "C3_1", 935, -1949.37, "T", "SMD", "GND", "GND", "R", 55.512, 53.15, 0, 0, 90],
		[6, "C3_2", 935, -1870.63, "T", "SMD", "5VSENS", "", "R", 55.512, 53.15, 0, 0, 90],
		[7, "C4_1", 835, -1927.56, "T", "SMD", "GND", "GND", "R", 31.496, 35.433, 0, 0, 90],
		[8, "C4_2", 835, -1872.44, "T", "SMD", "5VSENS", "", "R", 31.496, 35.433, 0, 0, 90],
		[9, "C5_1", 930, -2264.37, "T", "SMD", "GND", "GND", "R", 55.512, 53.15, 0, 0, 90],
		[10, "C5_2", 930, -2185.63, "T", "SMD", "3.3A", "", "R", 55.512, 53.15, 0, 0, 90],
		[11, "C6_1", 835, -2242.56, "T", "SMD", "GND", "GND", "R", 31.496, 35.433, 0, 0, 90],
		[12, "C6_2", 835, -2187.44, "T", "SMD", "3.3A", "", "R", 31.496, 35.433, 0, 0, 90],
		[13, "C7_1", 867.56, -1005, "T", "SMD", "GND", "GND", "R", 31.496, 35.433, 0, 0, 180],
		[14, "C7_2", 812.44, -1005, "T", "SMD", "$1N2803", "", "R", 31.496, 35.433, 0, 0, 180],
		[15, "C8_1", 445.63, -920, "T", "SMD", "GND", "GND", "R", 55.512, 53.15, 0, 0, 0],
		[16, "C8_2", 524.37, -920, "T", "SMD", "$1N2893", "", "R", 55.512, 53.15, 0, 0, 0],
		[17, "C9_1", 787.44, -905, "T", "SMD", "GND", "GND", "R", 31.496, 35.433, 0, 0, 0],
		[18, "C9_2", 842.56, -905, "T", "SMD", "3.3SENS", "", "R", 31.496, 35.433, 0, 0, 0],
		[19, "C10_1", 825, -1127.56, "T", "SMD", "GND", "GND", "R", 31.496, 35.433, 0, 0, 90],
		[20, "C10_2", 825, -1072.44, "T", "SMD", "3.3SENS", "", "R", 31.496, 35.433, 0, 0, 90],
		[21, "C11_1", 975, -1397.44, "T", "SMD", "3.3SENS", "", "R", 31.496, 35.433, 0, 0, 0],
		[22, "C11_2", 1030.12, -1397.44, "T", "SMD", "GND", "GND", "R", 31.496, 35.433, 0, 0, 0],
		[23, "C12_1", 1032.56, -1325, "T", "SMD", "GND", "GND", "R", 31.496, 35.433, 0, 0, 180],
		[24, "C12_2", 977.44, -1325, "T", "SMD", "NRST", "", "R", 31.496, 35.433, 0, 0, 180],
		[25, "C13_1", 1142.56, -910, "T", "SMD", "3.3SENS", "", "R", 31.496, 35.433, 0, 0, 180],
		[26, "C13_2", 1087.44, -910, "T", "SMD", "GND", "GND", "R", 31.496, 35.433, 0, 0, 180],
		[27, "C14_1", 1007.56, -910, "T", "SMD", "3.3SENS", "", "R", 31.496, 35.433, 0, 0, 180],
		[28, "C14_2", 952.44, -910, "T", "SMD", "GND", "GND", "R", 31.496, 35.433, 0, 0, 180],
		[29, "C15_1", 1387.7, -1870, "T", "SMD", "GND", "GND", "R", 58.465, 68.031, 0, 0, 180],
		[30, "C15_2", 1262.3, -1870, "T", "SMD", "5VSENS", "", "R", 58.465, 68.031, 0, 0, 180],
		[31, "C16_1", 1317.56, -1770, "T", "SMD", "GND", "GND", "R", 31.496, 35.433, 0, 0, 180],
		[32, "C16_2", 1262.44, -1770, "T", "SMD", "5VSENS", "", "R", 31.496, 35.433, 0, 0, 180],
		[33, "H1_1", 380, -1585, "T", "DIP", "SWCLK", "", "R", 66.929, 66.929, 43.308, 43.308, 90],
		[34, "H1_1", 380, -1585, "B", "DIP", "SWCLK", "", "R", 66.929, 66.929, 43.308, 43.308, 90],
		[35, "H1_2", 380, -1485, "T", "DIP", "SWDIO", "", "C", 66.929, 66.929, 43.308, 43.308, 90],
		[36, "H1_2", 380, -1485, "B", "DIP", "SWDIO", "", "C", 66.929, 66.929, 43.308, 43.308, 90],
		[37, "H1_3", 380, -1385, "T", "DIP", "3.3SENS", "", "C", 66.929, 66.929, 43.308, 43.308, 90],
		[38, "H1_3", 380, -1385, "B", "DIP", "3.3SENS", "", "C", 66.929, 66.929, 43.308, 43.308, 90],
		[39, "H1_4", 380, -1285, "T", "DIP", "GND", "GND", "C", 66.929, 66.929, 43.308, 43.308, 90],
		[40, "H1_4", 380, -1285, "B", "DIP", "GND", "GND", "C", 66.929, 66.929, 43.308, 43.308, 90],
		[41, "H1_5", 380, -1185, "T", "DIP", "NRST", "", "C", 66.929, 66.929, 43.308, 43.308, 90],
		[42, "H1_5", 380, -1185, "B", "DIP", "NRST", "", "C", 66.929, 66.929, 43.308, 43.308, 90],
		[43, "L1_1", 1017.445, -660, "T", "SMD", "$1N663", "", "R", 31.496, 34.016, 0, 0, 180],
		[44, "L1_2", 1072.555, -660, "T", "SMD", "3.3SENS", "", "R", 31.496, 34.016, 0, 0, 180],
		[45, "OLED1_1", 460, -450, "T", "DIP", "GND", "GND", "C", 62.992, 62.992, 39.37, 39.37, 0],
		[46, "OLED1_1", 460, -450, "B", "DIP", "GND", "GND", "C", 62.992, 62.992, 39.37, 39.37, 0],
		[47, "OLED1_2", 460, -350, "T", "DIP", "3.3SENS", "", "C", 62.992, 62.992, 39.37, 39.37, 0],
		[48, "OLED1_2", 460, -350, "B", "DIP", "3.3SENS", "", "C", 62.992, 62.992, 39.37, 39.37, 0],
		[49, "OLED1_3", 460, -250, "T", "DIP", "SCL", "", "C", 62.992, 62.992, 39.37, 39.37, 0],
		[50, "OLED1_3", 460, -250, "B", "DIP", "SCL", "", "C", 62.992, 62.992, 39.37, 39.37, 0],
		[51, "OLED1_4", 460, -150, "T", "DIP", "SDA", "", "C", 62.992, 62.992, 39.37, 39.37, 0],
		[52, "OLED1_4", 460, -150, "B", "DIP", "SDA", "", "C", 62.992, 62.992, 39.37, 39.37, 0],
		[53, "P1_1", 620, -765, "T", "DIP", "NET_1", "", "R", 60, 60, 36, 36, 0],
		[54, "P1_1", 620, -765, "B", "DIP", "NET_1", "", "R", 60, 60, 36, 36, 0],
		[55, "P1_2", 620, -665, "T", "DIP", "NET_2", "", "C", 60, 60, 36, 36, 0],
		[56, "P1_2", 620, -665, "B", "DIP", "NET_2", "", "C", 60, 60, 36, 36, 0],
		[57, "P1_3", 720, -765, "T", "DIP", "GND", "GND", "C", 60, 60, 36, 36, 0],
		[58, "P1_3", 720, -765, "B", "DIP", "GND", "GND", "C", 60, 60, 36, 36, 0],
		[59, "P1_4", 720, -665, "T", "DIP", "$1N663", "", "C", 60, 60, 36, 36, 0],
		[60, "P1_4", 720, -665, "B", "DIP", "$1N663", "", "C", 60, 60, 36, 36, 0],
		[61, "P2_1", 625, -1970, "T", "DIP", "NET_3", "", "R", 60, 60, 36, 36, 0],
		[62, "P2_1", 625, -1970, "B", "DIP", "NET_3", "", "R", 60, 60, 36, 36, 0],
		[63, "P2_2", 625, -1870, "T", "DIP", "NET_4", "", "C", 60, 60, 36, 36, 0],
		[64, "P2_2", 625, -1870, "B", "DIP", "NET_4", "", "C", 60, 60, 36, 36, 0],
		[65, "P2_3", 725, -1970, "T", "DIP", "GND", "GND", "C", 60, 60, 36, 36, 0],
		[66, "P2_3", 725, -1970, "B", "DIP", "GND", "GND", "C", 60, 60, 36, 36, 0],
		[67, "P2_4", 725, -1870, "T", "DIP", "5VSENS", "", "C", 60, 60, 36, 36, 0],
		[68, "P2_4", 725, -1870, "B", "DIP", "5VSENS", "", "C", 60, 60, 36, 36, 0],
		[69, "P3_1", 385, -765, "T", "DIP", "SDA", "", "R", 60, 60, 36, 36, 0],
		[70, "P3_1", 385, -765, "B", "DIP", "SDA", "", "R", 60, 60, 36, 36, 0],
		[71, "P3_2", 385, -665, "T", "DIP", "SDA", "", "C", 60, 60, 36, 36, 0],
		[72, "P3_2", 385, -665, "B", "DIP", "SDA", "", "C", 60, 60, 36, 36, 0],
		[73, "P3_3", 485, -765, "T", "DIP", "SCL", "", "C", 60, 60, 36, 36, 0],
		[74, "P3_3", 485, -765, "B", "DIP", "SCL", "", "C", 60, 60, 36, 36, 0],
		[75, "P3_4", 485, -665, "T", "DIP", "SCL", "", "C", 60, 60, 36, 36, 0],
		[76, "P3_4", 485, -665, "B", "DIP", "SCL", "", "C", 60, 60, 36, 36, 0],
		[77, "P4_1", 625, -2285, "T", "DIP", "NET_5", "", "R", 60, 60, 36, 36, 0],
		[78, "P4_1", 625, -2285, "B", "DIP", "NET_5", "", "R", 60, 60, 36, 36, 0],
		[79, "P4_2", 625, -2185, "T", "DIP", "NET_6", "", "C", 60, 60, 36, 36, 0],
		[80, "P4_2", 625, -2185, "B", "DIP", "NET_6", "", "C", 60, 60, 36, 36, 0],
		[81, "P4_3", 725, -2285, "T", "DIP", "GND", "GND", "C", 60, 60, 36, 36, 0],
		[82, "P4_3", 725, -2285, "B", "DIP", "GND", "GND", "C", 60, 60, 36, 36, 0],
		[83, "P4_4", 725, -2185, "T", "DIP", "3.3A", "", "C", 60, 60, 36, 36, 0],
		[84, "P4_4", 725, -2185, "B", "DIP", "3.3A", "", "C", 60, 60, 36, 36, 0],
		[85, "P5_1", 730, -1600, "T", "DIP", "U2SDA", "", "R", 60, 60, 36, 36, 180],
		[86, "P5_1", 730, -1600, "B", "DIP", "U2SDA", "", "R", 60, 60, 36, 36, 180],
		[87, "P5_2", 730, -1700, "T", "DIP", "U2SDA", "", "C", 60, 60, 36, 36, 180],
		[88, "P5_2", 730, -1700, "B", "DIP", "U2SDA", "", "C", 60, 60, 36, 36, 180],
		[89, "P5_3", 630, -1600, "T", "DIP", "U2SCL", "", "C", 60, 60, 36, 36, 180],
		[90, "P5_3", 630, -1600, "B", "DIP", "U2SCL", "", "C", 60, 60, 36, 36, 180],
		[91, "P5_4", 630, -1700, "T", "DIP", "U2SCL", "", "C", 60, 60, 36, 36, 180],
		[92, "P5_4", 630, -1700, "B", "DIP", "U2SCL", "", "C", 60, 60, 36, 36, 180],
		[93, "R1_1", 480.34, -1040, "T", "SMD", "SCL", "", "R", 31.751, 34.016, 0, 0, 0],
		[94, "R1_2", 539.66, -1040, "T", "SMD", "$1N2565", "", "R", 31.751, 34.016, 0, 0, 0],
		[95, "R2_1", 480.34, -1105, "T", "SMD", "SDA", "", "R", 31.751, 34.016, 0, 0, 0],
		[96, "R2_2", 539.66, -1105, "T", "SMD", "$1N2570", "", "R", 31.751, 34.016, 0, 0, 0],
		[97, "R3_1", 1034.66, -1255, "T", "SMD", "3.3SENS", "", "R", 31.751, 34.016, 0, 0, 180],
		[98, "R3_2", 975.34, -1255, "T", "SMD", "NRST", "", "R", 31.751, 34.016, 0, 0, 180],
		[99, "R4_1", 540, -1390.34, "T", "SMD", "GND", "GND", "R", 31.751, 34.016, 0, 0, 270],
		[100, "R4_2", 540, -1449.66, "T", "SMD", "SWCLK", "", "R", 31.751, 34.016, 0, 0, 270],
		[101, "R5_1", 965.63, -1725, "T", "SMD", "$1N5159", "", "R", 44.588, 54.213, 0, 0, 0],
		[102, "R5_2", 1044.37, -1725, "T", "SMD", "$1N4743", "", "R", 44.588, 54.213, 0, 0, 0],
		[103, "R6_1", 1095.63, -1625, "T", "SMD", "$1N4838", "", "R", 44.588, 54.213, 0, 0, 0],
		[104, "R6_2", 1174.37, -1625, "T", "SMD", "$1N4833", "", "R", 44.588, 54.213, 0, 0, 0],
		[105, "R7_1", 965.34, -1625, "T", "SMD", "$1N5135", "", "R", 31.751, 34.016, 0, 0, 0],
		[106, "R7_2", 1024.66, -1625, "T", "SMD", "$1N4838", "", "R", 31.751, 34.016, 0, 0, 0],
		[107, "R8_1", 1044.37, -1510, "T", "SMD", "GND", "GND", "R", 44.588, 54.213, 0, 0, 180],
		[108, "R8_2", 965.63, -1510, "T", "SMD", "$1N5135", "", "R", 44.588, 54.213, 0, 0, 180],
		[109, "R9_1", 1025.34, -1170, "T", "SMD", "$1N4345", "", "R", 31.751, 34.016, 0, 0, 0],
		[110, "R9_2", 1084.66, -1170, "T", "SMD", "3.3SENS", "", "R", 31.751, 34.016, 0, 0, 0],
		[111, "U1_1", 629.5075, -1105.774, "T", "SMD", "NET_7", "", "O", 11.024, 31.496, 0, 0, 0],
		[112, "U1_2", 649.1875, -1105.774, "T", "SMD", "NET_8", "", "O", 11.024, 31.496, 0, 0, 0],
		[113, "U1_3", 668.8775, -1105.774, "T", "SMD", "NET_9", "", "O", 11.024, 31.496, 0, 0, 0],
		[114, "U1_4", 688.5575, -1105.774, "T", "SMD", "NET_10", "", "O", 11.024, 31.496, 0, 0, 0],
		[115, "U1_5", 708.2475, -1105.774, "T", "SMD", "NET_11", "", "O", 11.024, 31.496, 0, 0, 0],
		[116, "U1_6", 727.9275, -1105.774, "T", "SMD", "NET_12", "", "O", 11.024, 31.496, 0, 0, 0],
		[117, "U1_7", 757.4575, -1076.244, "T", "SMD", "NET_13", "", "O", 31.496, 11.024, 0, 0, 0],
		[118, "U1_8", 757.4575, -1056.564, "T", "SMD", "3.3SENS", "", "O", 31.496, 11.024, 0, 0, 0],
		[119, "U1_9", 757.4575, -1036.874, "T", "SMD", "GND", "GND", "O", 31.496, 11.024, 0, 0, 0],
		[120, "U1_10", 757.4575, -1017.194, "T", "SMD", "$1N2803", "", "O", 31.496, 11.024, 0, 0, 0],
		[121, "U1_11", 757.4575, -997.504, "T", "SMD", "GND", "GND", "O", 31.496, 11.024, 0, 0, 0],
		[122, "U1_12", 757.4575, -977.824, "T", "SMD", "NET_14", "", "O", 31.496, 11.024, 0, 0, 0],
		[123, "U1_13", 727.9275, -948.294, "T", "SMD", "3.3SENS", "", "O", 11.024, 31.496, 0, 0, 0],
		[124, "U1_14", 708.2475, -948.294, "T", "SMD", "NET_15", "", "O", 11.024, 31.496, 0, 0, 0],
		[125, "U1_15", 688.5575, -948.294, "T", "SMD", "NET_16", "", "O", 11.024, 31.496, 0, 0, 0],
		[126, "U1_16", 668.8775, -948.294, "T", "SMD", "NET_17", "", "O", 11.024, 31.496, 0, 0, 0],
		[127, "U1_17", 649.1875, -948.294, "T", "SMD", "NET_18", "", "O", 11.024, 31.496, 0, 0, 0],
		[128, "U1_18", 629.8175, -948.294, "T", "SMD", "GND", "GND", "O", 11.024, 31.496, 0, 0, 0],
		[129, "U1_19", 599.9775, -977.824, "T", "SMD", "NET_19", "", "O", 31.496, 11.024, 0, 0, 0],
		[130, "U1_20", 599.9775, -997.504, "T", "SMD", "$1N2893", "", "O", 31.496, 11.024, 0, 0, 0],
		[131, "U1_21", 599.9775, -1017.194, "T", "SMD", "NET_20", "", "O", 31.496, 11.024, 0, 0, 0],
		[132, "U1_22", 599.9775, -1036.874, "T", "SMD", "NET_21", "", "O", 31.496, 11.024, 0, 0, 0],
		[133, "U1_23", 599.9775, -1056.564, "T", "SMD", "$1N2565", "", "O", 31.496, 11.024, 0, 0, 0],
		[134, "U1_24", 599.9775, -1076.244, "T", "SMD", "$1N2570", "", "O", 31.496, 11.024, 0, 0, 0],
		[135, "U1_25", 679.2075, -1027.034, "T", "SMD", "GND", "GND", "R", 106.299, 106.299, 0, 0, 0],
		[136, "U2_1", 853.03, -1475.16, "T", "SMD", "U2SDA", "", "O", 14.331, 68.583, 0, 0, 90],
		[137, "U2_2", 853.03, -1449.57, "T", "SMD", "NET_22", "", "O", 14.331, 68.583, 0, 0, 90],
		[138, "U2_3", 853.03, -1423.98, "T", "SMD", "NET_23", "", "O", 14.331, 68.583, 0, 0, 90],
		[139, "U2_4", 853.03, -1398.39, "T", "SMD", "3.3SENS", "", "O", 14.331, 68.583, 0, 0, 90],
		[140, "U2_5", 853.03, -1372.79, "T", "SMD", "GND", "GND", "O", 14.331, 68.583, 0, 0, 90],
		[141, "U2_6", 853.03, -1347.2, "T", "SMD", "NRST", "", "O", 14.331, 68.583, 0, 0, 90],
		[142, "U2_7", 853.03, -1321.61, "T", "SMD", "NET_24", "", "O", 14.331, 68.583, 0, 0, 90],
		[143, "U2_8", 853.03, -1296.02, "T", "SMD", "$1N5159", "", "O", 14.331, 68.583, 0, 0, 90],
		[144, "U2_9", 853.03, -1270.43, "T", "SMD", "$1N5135", "", "O", 14.331, 68.583, 0, 0, 90],
		[145, "U2_10", 853.03, -1244.84, "T", "SMD", "NET_25", "", "O", 14.331, 68.583, 0, 0, 90],
		[146, "U2_11", 626.97, -1244.84, "T", "SMD", "$1N4345", "", "O", 14.331, 68.583, 0, 0, 90],
		[147, "U2_12", 626.97, -1270.43, "T", "SMD", "$1N4351", "", "O", 14.331, 68.583, 0, 0, 90],
		[148, "U2_13", 626.97, -1296.02, "T", "SMD", "$1N4358", "", "O", 14.331, 68.583, 0, 0, 90],
		[149, "U2_14", 626.97, -1321.61, "T", "SMD", "$1N4365", "", "O", 14.331, 68.583, 0, 0, 90],
		[150, "U2_15", 626.97, -1347.2, "T", "SMD", "NET_26", "", "O", 14.331, 68.583, 0, 0, 90],
		[151, "U2_16", 626.97, -1372.79, "T", "SMD", "NET_27", "", "O", 14.331, 68.583, 0, 0, 90],
		[152, "U2_17", 626.97, -1398.39, "T", "SMD", "NET_28", "", "O", 14.331, 68.583, 0, 0, 90],
		[153, "U2_18", 626.97, -1423.98, "T", "SMD", "SWDIO", "", "O", 14.331, 68.583, 0, 0, 90],
		[154, "U2_19", 626.97, -1449.57, "T", "SMD", "SWCLK", "", "O", 14.331, 68.583, 0, 0, 90],
		[155, "U2_20", 626.97, -1475.16, "T", "SMD", "U2SCL", "", "O", 14.331, 68.583, 0, 0, 90],
		[156, "U3_1", 1048.39, -1104.55, "T", "SMD", "GND", "GND", "O", 14.331, 30.197, 0, 0, 0],
		[157, "U3_2", 1022.8, -1104.55, "T", "SMD", "$1N4345", "", "O", 14.331, 30.197, 0, 0, 0],
		[158, "U3_3", 997.21, -1104.55, "T", "SMD", "$1N4351", "", "O", 14.331, 30.197, 0, 0, 0],
		[159, "U3_4", 971.61, -1104.55, "T", "SMD", "$1N4358", "", "O", 14.331, 30.197, 0, 0, 0],
		[160, "U3_5", 971.61, -1005.45, "T", "SMD", "$1N4365", "", "O", 14.331, 30.197, 0, 0, 0],
		[161, "U3_6", 997.21, -1005.45, "T", "SMD", "3.3SENS", "", "O", 14.331, 30.197, 0, 0, 0],
		[162, "U3_7", 1022.8, -1005.45, "T", "SMD", "GND", "GND", "O", 14.331, 30.197, 0, 0, 0],
		[163, "U3_8", 1048.39, -1005.45, "T", "SMD", "3.3SENS", "", "O", 14.331, 30.197, 0, 0, 0],
		[164, "U4_1", 1295, -1630, "T", "DIP", "5VSENS", "", "R", 70.866, 70.866, 39.4, 39.4, 270],
		[165, "U4_1", 1295, -1630, "B", "DIP", "5VSENS", "", "R", 70.866, 70.866, 39.4, 39.4, 270],
		[166, "U4_2", 1295, -1530, "T", "DIP", "$1N4743", "", "C", 70.866, 70.866, 39.4, 39.4, 270],
		[167, "U4_2", 1295, -1530, "B", "DIP", "$1N4743", "", "C", 70.866, 70.866, 39.4, 39.4, 270],
		[168, "U4_3", 1295, -1430, "T", "DIP", "$1N4833", "", "C", 70.866, 70.866, 39.4, 39.4, 270],
		[169, "U4_3", 1295, -1430, "B", "DIP", "$1N4833", "", "C", 70.866, 70.866, 39.4, 39.4, 270],
		[170, "U4_4", 1295, -1330, "T", "DIP", "GND", "GND", "C", 70.866, 70.866, 39.4, 39.4, 270],
		[171, "U4_4", 1295, -1330, "B", "DIP", "GND", "GND", "C", 70.866, 70.866, 39.4, 39.4, 270],
		[172, "PAD1_2", 925, -660.63, "T", "SMD", "$1N663", "", "R", 55.512, 53.15, 0, 0, 90],
		[173, "PAD2_1", 925, -739.37, "T", "SMD", "GND", "GND", "R", 55.512, 53.15, 0, 0, 90],
		[174, "PAD3_2", 835, -662.44, "T", "SMD", "$1N663", "", "R", 31.496, 35.433, 0, 0, 90],
		[175, "PAD4_1", 835, -717.56, "T", "SMD", "GND", "GND", "R", 31.496, 35.433, 0, 0, 90],
		[176, "PAD5_2", 935, -1870.63, "T", "SMD", "5VSENS", "", "R", 55.512, 53.15, 0, 0, 90],
		[177, "PAD6_1", 935, -1949.37, "T", "SMD", "GND", "GND", "R", 55.512, 53.15, 0, 0, 90],
		[178, "PAD7_2", 835, -1872.44, "T", "SMD", "5VSENS", "", "R", 31.496, 35.433, 0, 0, 90],
		[179, "PAD8_1", 835, -1927.56, "T", "SMD", "GND", "GND", "R", 31.496, 35.433, 0, 0, 90],
		[180, "PAD9_2", 930, -2185.63, "T", "SMD", "3.3A", "", "R", 55.512, 53.15, 0, 0, 90],
		[181, "PAD10_1", 930, -2264.37, "T", "SMD", "GND", "GND", "R", 55.512, 53.15, 0, 0, 90],
		[182, "PAD11_2", 835, -2187.44, "T", "SMD", "3.3A", "", "R", 31.496, 35.433, 0, 0, 90],
		[183, "PAD12_1", 835, -2242.56, "T", "SMD", "GND", "GND", "R", 31.496, 35.433, 0, 0, 90],
		[184, "PAD13_2", 812.44, -1005, "T", "SMD", "$1N2803", "", "R", 31.496, 35.433, 0, 0, 180],
		[185, "PAD14_1", 867.56, -1005, "T", "SMD", "GND", "GND", "R", 31.496, 35.433, 0, 0, 180],
		[186, "PAD15_2", 524.37, -920, "T", "SMD", "$1N2893", "", "R", 55.512, 53.15, 0, 0, 0],
		[187, "PAD16_1", 445.63, -920, "T", "SMD", "GND", "GND", "R", 55.512, 53.15, 0, 0, 0],
		[188, "PAD17_2", 842.56, -905, "T", "SMD", "3.3SENS", "", "R", 31.496, 35.433, 0, 0, 0],
		[189, "PAD18_1", 787.44, -905, "T", "SMD", "GND", "GND", "R", 31.496, 35.433, 0, 0, 0],
		[190, "PAD19_2", 825, -1072.44, "T", "SMD", "3.3SENS", "", "R", 31.496, 35.433, 0, 0, 90],
		[191, "PAD20_1", 825, -1127.56, "T", "SMD", "GND", "GND", "R", 31.496, 35.433, 0, 0, 90],
		[192, "PAD21_2", 1030.12, -1397.44, "T", "SMD", "GND", "GND", "R", 31.496, 35.433, 0, 0, 0],
		[193, "PAD22_1", 975, -1397.44, "T", "SMD", "3.3SENS", "", "R", 31.496, 35.433, 0, 0, 0],
		[194, "PAD23_2", 977.44, -1325, "T", "SMD", "NRST", "", "R", 31.496, 35.433, 0, 0, 180],
		[195, "PAD24_1", 1032.56, -1325, "T", "SMD", "GND", "GND", "R", 31.496, 35.433, 0, 0, 180],
		[196, "PAD25_2", 1087.44, -910, "T", "SMD", "GND", "GND", "R", 31.496, 35.433, 0, 0, 180],
		[197, "PAD26_1", 1142.56, -910, "T", "SMD", "3.3SENS", "", "R", 31.496, 35.433, 0, 0, 180],
		[198, "PAD27_2", 952.44, -910, "T", "SMD", "GND", "GND", "R", 31.496, 35.433, 0, 0, 180],
		[199, "PAD28_1", 1007.56, -910, "T", "SMD", "3.3SENS", "", "R", 31.496, 35.433, 0, 0, 180],
		[200, "PAD29_2", 1262.3, -1870, "T", "SMD", "5VSENS", "", "R", 58.465, 68.031, 0, 0, 180],
		[201, "PAD30_1", 1387.7, -1870, "T", "SMD", "GND", "GND", "R", 58.465, 68.031, 0, 0, 180],
		[202, "PAD31_2", 1262.44, -1770, "T", "SMD", "5VSENS", "", "R", 31.496, 35.433, 0, 0, 180],
		[203, "PAD32_1", 1317.56, -1770, "T", "SMD", "GND", "GND", "R", 31.496, 35.433, 0, 0, 180],
		[204, "PAD33_1", 380, -1585, "T", "DIP", "SWCLK", "", "R", 66.929, 66.929, 43.308, 43.308, 90],
		[205, "PAD33_1", 380, -1585, "B", "DIP", "SWCLK", "", "R", 66.929, 66.929, 43.308, 43.308, 90],
		[206, "PAD34_2", 380, -1485, "T", "DIP", "SWDIO", "", "C", 66.929, 66.929, 43.308, 43.308, 90],
		[207, "PAD34_2", 380, -1485, "B", "DIP", "SWDIO", "", "C", 66.929, 66.929, 43.308, 43.308, 90],
		[208, "PAD35_3", 380, -1385, "T", "DIP", "3.3SENS", "", "C", 66.929, 66.929, 43.308, 43.308, 90],
		[209, "PAD35_3", 380, -1385, "B", "DIP", "3.3SENS", "", "C", 66.929, 66.929, 43.308, 43.308, 90],
		[210, "PAD36_4", 380, -1285, "T", "DIP", "GND", "GND", "C", 66.929, 66.929, 43.308, 43.308, 90],
		[211, "PAD36_4", 380, -1285, "B", "DIP", "GND", "GND", "C", 66.929, 66.929, 43.308, 43.308, 90],
		[212, "PAD37_5", 380, -1185, "T", "DIP", "NRST", "", "C", 66.929, 66.929, 43.308, 43.308, 90],
		[213, "PAD37_5", 380, -1185, "B", "DIP", "NRST", "", "C", 66.929, 66.929, 43.308, 43.308, 90],
		[214, "PAD38_1", 1017.445, -660, "T", "SMD", "$1N663", "", "R", 31.496, 34.016, 0, 0, 180],
		[215, "PAD39_2", 1072.555, -660, "T", "SMD", "3.3SENS", "", "R", 31.496, 34.016, 0, 0, 180],
		[216, "PAD40_1", 460, -450, "T", "DIP", "GND", "GND", "C", 62.992, 62.992, 39.37, 39.37, 0],
		[217, "PAD40_1", 460, -450, "B", "DIP", "GND", "GND", "C", 62.992, 62.992, 39.37, 39.37, 0],
		[218, "PAD41_2", 460, -350, "T", "DIP", "3.3SENS", "", "C", 62.992, 62.992, 39.37, 39.37, 0],
		[219, "PAD41_2", 460, -350, "B", "DIP", "3.3SENS", "", "C", 62.992, 62.992, 39.37, 39.37, 0],
		[220, "PAD42_3", 460, -250, "T", "DIP", "SCL", "", "C", 62.992, 62.992, 39.37, 39.37, 0],
		[221, "PAD42_3", 460, -250, "B", "DIP", "SCL", "", "C", 62.992, 62.992, 39.37, 39.37, 0],
		[222, "PAD43_4", 460, -150, "T", "DIP", "SDA", "", "C", 62.992, 62.992, 39.37, 39.37, 0],
		[223, "PAD43_4", 460, -150, "B", "DIP", "SDA", "", "C", 62.992, 62.992, 39.37, 39.37, 0],
		[224, "PAD44_3", 720, -765, "T", "DIP", "GND", "GND", "C", 60, 60, 36, 36, 0],
		[225, "PAD44_3", 720, -765, "B", "DIP", "GND", "GND", "C", 60, 60, 36, 36, 0],
		[226, "PAD45_4", 720, -665, "T", "DIP", "$1N663", "", "C", 60, 60, 36, 36, 0],
		[227, "PAD45_4", 720, -665, "B", "DIP", "$1N663", "", "C", 60, 60, 36, 36, 0],
		[228, "PAD46_3", 725, -1970, "T", "DIP", "GND", "GND", "C", 60, 60, 36, 36, 0],
		[229, "PAD46_3", 725, -1970, "B", "DIP", "GND", "GND", "C", 60, 60, 36, 36, 0],
		[230, "PAD47_4", 725, -1870, "T", "DIP", "5VSENS", "", "C", 60, 60, 36, 36, 0],
		[231, "PAD47_4", 725, -1870, "B", "DIP", "5VSENS", "", "C", 60, 60, 36, 36, 0],
		[232, "PAD48_1", 385, -765, "T", "DIP", "SDA", "", "R", 60, 60, 36, 36, 0],
		[233, "PAD48_1", 385, -765, "B", "DIP", "SDA", "", "R", 60, 60, 36, 36, 0],
		[234, "PAD49_2", 385, -665, "T", "DIP", "SDA", "", "C", 60, 60, 36, 36, 0],
		[235, "PAD49_2", 385, -665, "B", "DIP", "SDA", "", "C", 60, 60, 36, 36, 0],
		[236, "PAD50_3", 485, -765, "T", "DIP", "SCL", "", "C", 60, 60, 36, 36, 0],
		[237, "PAD50_3", 485, -765, "B", "DIP", "SCL", "", "C", 60, 60, 36, 36, 0],
		[238, "PAD51_4", 485, -665, "T", "DIP", "SCL", "", "C", 60, 60, 36, 36, 0],
		[239, "PAD51_4", 485, -665, "B", "DIP", "SCL", "", "C", 60, 60, 36, 36, 0],
		[240, "PAD52_3", 725, -2285, "T", "DIP", "GND", "GND", "C", 60, 60, 36, 36, 0],
		[241, "PAD52_3", 725, -2285, "B", "DIP", "GND", "GND", "C", 60, 60, 36, 36, 0],
		[242, "PAD53_4", 725, -2185, "T", "DIP", "3.3A", "", "C", 60, 60, 36, 36, 0],
		[243, "PAD53_4", 725, -2185, "B", "DIP", "3.3A", "", "C", 60, 60, 36, 36, 0],
		[244, "PAD54_2", 539.66, -1040, "T", "SMD", "$1N2565", "", "R", 31.751, 34.016, 0, 0, 0],
		[245, "PAD55_1", 480.34, -1040, "T", "SMD", "SCL", "", "R", 31.751, 34.016, 0, 0, 0],
		[246, "PAD56_2", 539.66, -1105, "T", "SMD", "$1N2570", "", "R", 31.751, 34.016, 0, 0, 0],
		[247, "PAD57_1", 480.34, -1105, "T", "SMD", "SDA", "", "R", 31.751, 34.016, 0, 0, 0],
		[248, "PAD58_2", 975.34, -1255, "T", "SMD", "NRST", "", "R", 31.751, 34.016, 0, 0, 180],
		[249, "PAD59_1", 1034.66, -1255, "T", "SMD", "3.3SENS", "", "R", 31.751, 34.016, 0, 0, 180],
		[250, "PAD60_2", 540, -1449.66, "T", "SMD", "SWCLK", "", "R", 31.751, 34.016, 0, 0, 270],
		[251, "PAD61_1", 540, -1390.34, "T", "SMD", "GND", "GND", "R", 31.751, 34.016, 0, 0, 270],
		[252, "PAD62_2", 1044.37, -1725, "T", "SMD", "$1N4743", "", "R", 44.588, 54.213, 0, 0, 0],
		[253, "PAD63_1", 965.63, -1725, "T", "SMD", "$1N5159", "", "R", 44.588, 54.213, 0, 0, 0],
		[254, "PAD64_2", 1174.37, -1625, "T", "SMD", "$1N4833", "", "R", 44.588, 54.213, 0, 0, 0],
		[255, "PAD65_1", 1095.63, -1625, "T", "SMD", "$1N4838", "", "R", 44.588, 54.213, 0, 0, 0],
		[256, "PAD66_2", 1024.66, -1625, "T", "SMD", "$1N4838", "", "R", 31.751, 34.016, 0, 0, 0],
		[257, "PAD67_1", 965.34, -1625, "T", "SMD", "$1N5135", "", "R", 31.751, 34.016, 0, 0, 0],
		[258, "PAD68_2", 965.63, -1510, "T", "SMD", "$1N5135", "", "R", 44.588, 54.213, 0, 0, 180],
		[259, "PAD69_1", 1044.37, -1510, "T", "SMD", "GND", "GND", "R", 44.588, 54.213, 0, 0, 180],
		[260, "PAD70_2", 1084.66, -1170, "T", "SMD", "3.3SENS", "", "R", 31.751, 34.016, 0, 0, 0],
		[261, "PAD71_1", 1025.34, -1170, "T", "SMD", "$1N4345", "", "R", 31.751, 34.016, 0, 0, 0],
		[262, "PAD72_8", 757.4575, -1056.564, "T", "SMD", "3.3SENS", "", "O", 31.496, 11.024, 0, 0, 0],
		[263, "PAD73_9", 757.4575, -1036.874, "T", "SMD", "GND", "GND", "O", 31.496, 11.024, 0, 0, 0],
		[264, "PAD74_10", 757.4575, -1017.194, "T", "SMD", "$1N2803", "", "O", 31.496, 11.024, 0, 0, 0],
		[265, "PAD75_11", 757.4575, -997.504, "T", "SMD", "GND", "GND", "O", 31.496, 11.024, 0, 0, 0],
		[266, "PAD76_13", 727.9275, -948.294, "T", "SMD", "3.3SENS", "", "O", 11.024, 31.496, 0, 0, 0],
		[267, "PAD77_18", 629.8175, -948.294, "T", "SMD", "GND", "GND", "O", 11.024, 31.496, 0, 0, 0],
		[268, "PAD78_20", 599.9775, -997.504, "T", "SMD", "$1N2893", "", "O", 31.496, 11.024, 0, 0, 0],
		[269, "PAD79_23", 599.9775, -1056.564, "T", "SMD", "$1N2565", "", "O", 31.496, 11.024, 0, 0, 0],
		[270, "PAD80_24", 599.9775, -1076.244, "T", "SMD", "$1N2570", "", "O", 31.496, 11.024, 0, 0, 0],
		[271, "PAD81_25", 679.2075, -1027.034, "T", "SMD", "GND", "GND", "R", 106.299, 106.299, 0, 0, 0],
		[272, "PAD82_1", 853.03, -1475.16, "T", "SMD", "U2SDA", "", "O", 14.331, 68.583, 0, 0, 90],
		[273, "PAD83_4", 853.03, -1398.39, "T", "SMD", "3.3SENS", "", "O", 14.331, 68.583, 0, 0, 90],
		[274, "PAD84_5", 853.03, -1372.79, "T", "SMD", "GND", "GND", "O", 14.331, 68.583, 0, 0, 90],
		[275, "PAD85_6", 853.03, -1347.2, "T", "SMD", "NRST", "", "O", 14.331, 68.583, 0, 0, 90],
		[276, "PAD86_8", 853.03, -1296.02, "T", "SMD", "$1N5159", "", "O", 14.331, 68.583, 0, 0, 90],
		[277, "PAD87_9", 853.03, -1270.43, "T", "SMD", "$1N5135", "", "O", 14.331, 68.583, 0, 0, 90],
		[278, "PAD88_20", 626.97, -1475.16, "T", "SMD", "U2SCL", "", "O", 14.331, 68.583, 0, 0, 90],
		[279, "PAD89_19", 626.97, -1449.57, "T", "SMD", "SWCLK", "", "O", 14.331, 68.583, 0, 0, 90],
		[280, "PAD90_18", 626.97, -1423.98, "T", "SMD", "SWDIO", "", "O", 14.331, 68.583, 0, 0, 90],
		[281, "PAD91_14", 626.97, -1321.61, "T", "SMD", "$1N4365", "", "O", 14.331, 68.583, 0, 0, 90],
		[282, "PAD92_13", 626.97, -1296.02, "T", "SMD", "$1N4358", "", "O", 14.331, 68.583, 0, 0, 90],
		[283, "PAD93_12", 626.97, -1270.43, "T", "SMD", "$1N4351", "", "O", 14.331, 68.583, 0, 0, 90],
		[284, "PAD94_11", 626.97, -1244.84, "T", "SMD", "$1N4345", "", "O", 14.331, 68.583, 0, 0, 90],
		[285, "PAD95_4", 971.61, -1104.55, "T", "SMD", "$1N4358", "", "O", 14.331, 30.197, 0, 0, 0],
		[286, "PAD96_3", 997.21, -1104.55, "T", "SMD", "$1N4351", "", "O", 14.331, 30.197, 0, 0, 0],
		[287, "PAD97_2", 1022.8, -1104.55, "T", "SMD", "$1N4345", "", "O", 14.331, 30.197, 0, 0, 0],
		[288, "PAD98_1", 1048.39, -1104.55, "T", "SMD", "GND", "GND", "O", 14.331, 30.197, 0, 0, 0],
		[289, "PAD99_8", 1048.39, -1005.45, "T", "SMD", "3.3SENS", "", "O", 14.331, 30.197, 0, 0, 0],
		[290, "PAD100_7", 1022.8, -1005.45, "T", "SMD", "GND", "GND", "O", 14.331, 30.197, 0, 0, 0],
		[291, "PAD101_6", 997.21, -1005.45, "T", "SMD", "3.3SENS", "", "O", 14.331, 30.197, 0, 0, 0],
		[292, "PAD102_5", 971.61, -1005.45, "T", "SMD", "$1N4365", "", "O", 14.331, 30.197, 0, 0, 0],
		[293, "PAD103_4", 1295, -1330, "T", "DIP", "GND", "GND", "C", 70.866, 70.866, 39.4, 39.4, 270],
		[294, "PAD103_4", 1295, -1330, "B", "DIP", "GND", "GND", "C", 70.866, 70.866, 39.4, 39.4, 270],
		[295, "PAD104_3", 1295, -1430, "T", "DIP", "$1N4833", "", "C", 70.866, 70.866, 39.4, 39.4, 270],
		[296, "PAD104_3", 1295, -1430, "B", "DIP", "$1N4833", "", "C", 70.866, 70.866, 39.4, 39.4, 270],
		[297, "PAD105_2", 1295, -1530, "T", "DIP", "$1N4743", "", "C", 70.866, 70.866, 39.4, 39.4, 270],
		[298, "PAD105_2", 1295, -1530, "B", "DIP", "$1N4743", "", "C", 70.866, 70.866, 39.4, 39.4, 270],
		[299, "PAD106_1", 1295, -1630, "T", "DIP", "5VSENS", "", "R", 70.866, 70.866, 39.4, 39.4, 270],
		[300, "PAD106_1", 1295, -1630, "B", "DIP", "5VSENS", "", "R", 70.866, 70.866, 39.4, 39.4, 270],
		[301, "PAD107_1", 730, -1600, "T", "DIP", "U2SDA", "", "R", 60, 60, 36, 36, 180],
		[302, "PAD107_1", 730, -1600, "B", "DIP", "U2SDA", "", "R", 60, 60, 36, 36, 180],
		[303, "PAD108_2", 730, -1700, "T", "DIP", "U2SDA", "", "C", 60, 60, 36, 36, 180],
		[304, "PAD108_2", 730, -1700, "B", "DIP", "U2SDA", "", "C", 60, 60, 36, 36, 180],
		[305, "PAD109_3", 630, -1600, "T", "DIP", "U2SCL", "", "C", 60, 60, 36, 36, 180],
		[306, "PAD109_3", 630, -1600, "B", "DIP", "U2SCL", "", "C", 60, 60, 36, 36, 180],
		[307, "PAD110_4", 630, -1700, "T", "DIP", "U2SCL", "", "C", 60, 60, 36, 36, 180],
		[308, "PAD110_4", 630, -1700, "B", "DIP", "U2SCL", "", "C", 60, 60, 36, 36, 180]
	]
}
}